Workbook

Sheet Instructions
A1: Family Life Merit Badge Counseling Workbook
A3: Purpose | B3: Track the long-running home responsibility work, family discussions, family project planning, and final reflection.
A4: Official requirements | B4: Use the current official merit badge pamphlet and official requirements as the source of truth. This workbook supports counseling and does not replace the requirements.
A5: Counselor expectation | B5: The scout should be able to explain what they did, how they contributed to family life, and what changed through the process.
A6: How to use | B6: Fill in Timeline, track responsibilities regularly, log family meetings, plan and execute the family project, then prepare discussion notes before final review.

Sheet Timeline
A1: Scout and Timeline
A3: Scout name
A4: Kickoff date
A5: Long-running responsibility start date
A6: Target completion date | B6: =IF(B5="","",B5+90)
A7: Counselor
A8: Family project title

Sheet Home Responsibility Tracker
A1: Home Responsibility Tracker
A3: Date | B3: Week # | C3: Responsibility / Chore | D3: Planned? | E3: Completed? | F3: Time Spent (min) | G3: What I learned / notes | H3: Parent initials
A4: =IF(Timeline!$B$5="","",Timeline!$B$5+ROW()-4) | B4: =IF(A4="","",INT((A4-Timeline!$B$5)/7)+1)
A5: =IF(Timeline!$B$5="","",Timeline!$B$5+ROW()-4) | B5: =IF(A5="","",INT((A5-Timeline!$B$5)/7)+1)
A6: =IF(Timeline!$B$5="","",Timeline!$B$5+ROW()-4) | B6: =IF(A6="","",INT((A6-Timeline!$B$5)/7)+1)
A7: =IF(Timeline!$B$5="","",Timeline!$B$5+ROW()-4) | B7: =IF(A7="","",INT((A7-Timeline!$B$5)/7)+1)
A8: =IF(Timeline!$B$5="","",Timeline!$B$5+ROW()-4) | B8: =IF(A8="","",INT((A8-Timeline!$B$5)/7)+1)
A9: =IF(Timeline!$B$5="","",Timeline!$B$5+ROW()-4) | B9: =IF(A9="","",INT((A9-Timeline!$B$5)/7)+1)
A10: =IF(Timeline!$B$5="","",Timeline!$B$5+ROW()-4) | B10: =IF(A10="","",INT((A10-Timeline!$B$5)/7)+1)
A11: =IF(Timeline!$B$5="","",Timeline!$B$5+ROW()-4) | B11: =IF(A11="","",INT((A11-Timeline!$B$5)/7)+1)
A12: =IF(Timeline!$B$5="","",Timeline!$B$5+ROW()-4) | B12: =IF(A12="","",INT((A12-Timeline!$B$5)/7)+1)
A13: =IF(Timeline!$B$5="","",Timeline!$B$5+ROW()-4) | B13: =IF(A13="","",INT((A13-Timeline!$B$5)/7)+1)
A14: =IF(Timeline!$B$5="","",Timeline!$B$5+ROW()-4) | B14: =IF(A14="","",INT((A14-Timeline!$B$5)/7)+1)
A15: =IF(Timeline!$B$5="","",Timeline!$B$5+ROW()-4) | B15: =IF(A15="","",INT((A15-Timeline!$B$5)/7)+1)
... A103: =IF(Timeline!$B$5="","",Timeline!$B$5+ROW()-4) | B103: =IF(A103="","",INT((A103-Timeline!$B$5)/7)+1)
A106: Summary
A107: Days marked complete or partial | B107: =COUNTIF(E4:E103,"Yes")+COUNTIF(E4:E103,"Partial") -> 0
A108: Total minutes recorded | B108: =SUM(F4:F103) -> 0
A109: Completion rate | B109: =IF(COUNTA(A4:A103)=0,"",(COUNTIF(E4:E103,"Yes")+(COUNTIF(E4:E103,"Partial")*0.5))/COUNTA(A4:A103)) -> 0

Sheet Family Meeting Log
A1: Family Meeting Log
A3: Meeting Date | B3: Who attended | C3: Topic / decision | D3: My contribution | E3: Follow-up action | F3: Status

Sheet Project Planner
A1: Family Project Planner
A3: Project goal
A4: Why this helps the family
A5: Planned start date
A6: Planned finish date
A7: Actual finish date
A8: Materials / resources needed
A9: How success will be measured
A12: Task | B12: Owner | C12: Due Date | D12: Status | E12: Notes
A29: Tasks done | B29: =COUNTIF(D13:D27,"Done") -> 0
A30: Open tasks | B30: =COUNTA(A13:A27)-B29 -> 0

Sheet Discussion Prep
A1: Discussion Prep
A3: Topic area | B3: Scout notes | C3: Counselor follow-up questions
A4: Roles and responsibilities in a family
A5: How families make decisions
A6: Communication and conflict resolution
A7: Helping at home without being asked
A8: Family project lessons
A9: Balancing individual wants and family needs

Sheet Final Reflection
A1: Final Reflection
A3: Prompt | B3: Scout notes
A4: What did you learn about being dependable at home?
A5: What changed in how you communicate with family members?
A6: What part of the family project mattered most?
A7: Where did you struggle to follow through?
A8: What habit do you want to keep?
A9: What would you do differently next time?
